

CREATE TABLE PINTURAS (
ESTILO VARCHAR(30),
AREA NUMERIC(5,2),
CODIGO INTEGER PRIMARY KEY );

CREATE TABLE ESCULTURAS (
MATERIAL VARCHAR(30),
PESO NUMERIC(6,2),
ALTURA NUMERIC(5,2),
CODIGO INTEGER PRIMARY KEY);

CREATE TABLE OBRAS (
CODIGO INTEGER PRIMARY KEY,
TITULO VARCHAR(50),
ANO INTEGER,
SALAO INTEGER,
AUTOR INTEGER );

CREATE TABLE ALOCACOES (
HORA_ENTRADA CHAR(5),
HORA_SAIDA CHAR(5),
NUMERO INTEGER,
CPF CHAR(11),
PRIMARY KEY(NUMERO,CPF) );

CREATE TABLE SALOES (
AREA NUMERIC(5,2),
ANDAR INTEGER,
NUMERO INTEGER PRIMARY KEY);

CREATE TABLE AUTORES (
CODIGO INTEGER PRIMARY KEY,
NOME VARCHAR(50),
NACIONALIDADE VARCHAR(50));

CREATE TABLE TURNOS (
CODTURNO CHAR(1) PRIMARY KEY,
NOMETURNO VARCHAR(5));

CREATE TABLE FUNCIONARIOS (
TURNO CHAR(1),
FUNCAO VARCHAR(20),
NOME VARCHAR(50),
SALARIO NUMERIC(7,2),
CPF CHAR(11) PRIMARY KEY);

insert into TURNOS(CODTURNO, NOMETURNO)
values ('M', 'MANHÃ');
insert into TURNOS(CODTURNO, NOMETURNO)
values ('T', 'TARDE');
insert into TURNOS(CODTURNO, NOMETURNO)
values ('N', 'NOITE');



insert into AUTORES (CODIGO, NOME, NACIONALIDADE)
values (101, 'PABLO PICASSO', 'ESPANHOLA');
insert into AUTORES (CODIGO, NOME, NACIONALIDADE)
values (102, 'SALVADOR DALI', 'ESPANHOLA');
insert into AUTORES (CODIGO, NOME, NACIONALIDADE)
values (103, 'PINTOR BRASILEIRO', 'BRASILEIRA');
insert into AUTORES (CODIGO, NOME, NACIONALIDADE)
values (104, 'ESCULTOR BRASILEIRO', 'BRASILEIRA'); 
insert into AUTORES (CODIGO, NOME, NACIONALIDADE)
values (105, 'PINT E ESCULT BRASILEIRO', 'BRASILEIRA');
insert into AUTORES (CODIGO, NOME, NACIONALIDADE)
values (106, 'PINT E ESCULTOR FRANCES', 'FRANCESA');
insert into AUTORES (CODIGO, NOME, NACIONALIDADE)
values (107, 'ESCULTOR  FRANCES', 'FRANCESA');
insert into AUTORES (CODIGO, NOME, NACIONALIDADE)
values (108, 'PINTOR HOLANDES', 'HOLANDESA');
insert into AUTORES (CODIGO, NOME, NACIONALIDADE)
values (109, 'AUTOR SEM OBRA', 'BOLIVIANA');



insert into SALOES (NUMERO, ANDAR, AREA)
values (24, 2, 200);
insert into SALOES (NUMERO, ANDAR, AREA)
values (36, 3, 100);
insert into SALOES (NUMERO, ANDAR, AREA)
values (38, 3, 80);
insert into SALOES (NUMERO, ANDAR, AREA)
values (43, 4, 60);
insert into SALOES (NUMERO, ANDAR, AREA)
values (47, 4, 50);
insert into SALOES (NUMERO, ANDAR, AREA)
values (51, 5, 80);
insert into SALOES (NUMERO, ANDAR, AREA)
values (28, 2, 67);
insert into SALOES (NUMERO, ANDAR)
values (11, 1);



insert into OBRAS (CODIGO, TITULO, ANO, AUTOR, SALAO)
values (101, 'PINTURA DALI 1', 1967, 102, 36);
insert into OBRAS (CODIGO, TITULO, ANO, AUTOR, SALAO)
values (102, 'PINTURA DALI 2', 1945, 102, 43);
insert into OBRAS (CODIGO, TITULO, ANO, AUTOR, SALAO)
values (103, 'ESCULTURA DALI 1', 1960, 102, 24);
insert into OBRAS (CODIGO, TITULO, ANO, AUTOR, SALAO)
values (104, 'ESCULTURA DALI 2', 1966, 102, 36);
insert into OBRAS (CODIGO, TITULO, ANO, AUTOR, SALAO)
values (105, 'PINTURA PICASSO 1', 1969, 101, 47);
insert into OBRAS (CODIGO, TITULO, ANO, AUTOR, SALAO)
values (106, 'PINTURA PICASSO 2', 1975, 101, 51);
insert into OBRAS (CODIGO, TITULO, ANO, AUTOR, SALAO)
values (107, 'PINTURA PICASSO 3', 1945, 101, 38);
insert into OBRAS (CODIGO, TITULO, ANO, AUTOR, SALAO)
values (108, 'ESCULTURA SO ESCULTOR BRASILEIRO', 1999, 104, 38);
insert into OBRAS (CODIGO, TITULO, ANO, AUTOR, SALAO)
values (109, 'PINTURA SO PINTOR BRASILEIRO', 1967, 103, 43);
insert into OBRAS (CODIGO, TITULO, ANO, AUTOR, SALAO)
values (110, 'PINTURA PINT E ECULT BRAS', 1969, 105, 47);
insert into OBRAS (CODIGO, TITULO, ANO, AUTOR, SALAO)
values (111, 'ESCULTURA PINT E ESCULT BRAS', 1951, 105, 24);
insert into OBRAS (CODIGO, TITULO, ANO, AUTOR, SALAO)
values (112, 'ESCULTURA FRANCES', 1943, 107, 51);
insert into OBRAS (CODIGO, TITULO, ANO, AUTOR, SALAO)
values (113, 'PINTURA HOLANDES', 1876, 108, 36);
insert into OBRAS (CODIGO, TITULO, ANO, AUTOR, SALAO)
values (114, 'PINTURA PINT E ESCUL FRANCES', 1888, 106, 38);
insert into OBRAS (CODIGO, TITULO, ANO, AUTOR, SALAO)
values (115, 'ESCULTURA PINT E ESCUL FRANCES', 1867, 106, 36);


insert into ESCULTURAS (CODIGO, ALTURA, PESO, MATERIAL)
values (103, 1, 20, 'ARGILA');
insert into ESCULTURAS (CODIGO, ALTURA, PESO, MATERIAL)
values (104, 3, 600, 'BRONZE');
insert into ESCULTURAS (CODIGO, ALTURA, PESO, MATERIAL)
values (108, 2, 120, 'FERRO');
insert into ESCULTURAS (CODIGO, ALTURA, PESO, MATERIAL)
values (111, 1.00,300.00,'AÇO');
insert into ESCULTURAS (CODIGO, ALTURA, PESO, MATERIAL)
values (115,2.00,500.00,'PEDRA');
insert into ESCULTURAS (CODIGO, ALTURA, PESO, MATERIAL)
values (112,2.00,150.00,'MARMORE');



insert into FUNCIONARIOS (CPF, NOME, SALARIO, TURNO, FUNCAO)
values ('41034567799', 'SEG5', 1000, 'T', 'SEGURANÇA');
insert into FUNCIONARIOS (CPF, NOME, SALARIO, TURNO, FUNCAO)
values ('38942178472', 'SEG1', 1000, 'M', 'SEGURANÇA');
insert into FUNCIONARIOS (CPF, NOME, SALARIO, TURNO, FUNCAO)
values ('78905416276', 'SEG2', 2000, 'M', 'SEGURANÇA');
insert into FUNCIONARIOS (CPF, NOME, SALARIO, TURNO, FUNCAO)
values ('66655544477', 'SEG3', 1000, 'T', 'SEGURANÇA');
insert into FUNCIONARIOS (CPF, NOME, SALARIO, TURNO, FUNCAO)
values ('66789403264', 'SEG4', 2000, 'T', 'SEGURANÇA');
insert into FUNCIONARIOS (CPF, NOME, SALARIO, TURNO, FUNCAO)
values ('34567809238', 'FAX1', 1000, 'M', 'FAXINEIRO');
insert into FUNCIONARIOS (CPF, NOME, SALARIO, TURNO, FUNCAO)
values ('09876543229', 'FAX2', 1000, 'T', 'FAXINEIRO');
insert into FUNCIONARIOS (CPF, NOME, SALARIO, TURNO, FUNCAO)
values ('01234566737', 'FAX3', 1000, 'T', 'FAXINEIRO');
insert into FUNCIONARIOS (CPF, NOME, SALARIO, TURNO, FUNCAO)
values ('78809986598', 'FAX4', 1000, 'T', 'FAXINEIRO');


insert into ALOCACOES (CPF, NUMERO, HORA_ENTRADA, HORA_SAIDA)
values ('78809986598', 43, '13:00', '14:00');
insert into ALOCACOES (CPF, NUMERO, HORA_ENTRADA, HORA_SAIDA)
values ('78809986598', 47, '15:00', '16:00');
insert into ALOCACOES (CPF, NUMERO, HORA_ENTRADA, HORA_SAIDA)
values ('34567809238', 43, '1000', '1100');
insert into ALOCACOES (CPF, NUMERO, HORA_ENTRADA, HORA_SAIDA)
values ('09876543229', 47, '1000', '1100');
insert into ALOCACOES (CPF, NUMERO, HORA_ENTRADA, HORA_SAIDA)
values ('34567809238', 38, '1300', '1400');
insert into ALOCACOES (CPF, NUMERO, HORA_ENTRADA, HORA_SAIDA)
values ('01234566737', 36, '1400', '1500');
insert into ALOCACOES (CPF, NUMERO, HORA_ENTRADA, HORA_SAIDA)
values ('01234566737', 24, '1500', '1600');
insert into ALOCACOES (CPF, NUMERO, HORA_ENTRADA, HORA_SAIDA)
values ('78809986598', 51, '17:00', '18:00');
insert into ALOCACOES (CPF, NUMERO, HORA_ENTRADA, HORA_SAIDA)
values ('38942178472', 51, '13:00', '14:00');
insert into ALOCACOES (CPF, NUMERO, HORA_ENTRADA, HORA_SAIDA)
values ('78905416276', 51, '13:00', '14:00');
insert into ALOCACOES (CPF, NUMERO, HORA_ENTRADA, HORA_SAIDA)
values ('38942178472', 24, '16:00', '17:00');
insert into ALOCACOES (CPF, NUMERO, HORA_ENTRADA, HORA_SAIDA)
values ('66655544477', 24, '16:00', '17:00');
insert into ALOCACOES (CPF, NUMERO, HORA_ENTRADA, HORA_SAIDA)
values ('78905416276', 47, '15:00', '17:00');
insert into ALOCACOES (CPF, NUMERO, HORA_ENTRADA, HORA_SAIDA)
values ('66789403264', 47, '14:00', '17:00');
insert into ALOCACOES (CPF, NUMERO, HORA_ENTRADA, HORA_SAIDA)
values ('66655544477', 36, '12:00', '14:00');
insert into ALOCACOES (CPF, NUMERO, HORA_ENTRADA, HORA_SAIDA)
values ('66789403264', 36, '12:00', '13:00');
insert into ALOCACOES (CPF, NUMERO, HORA_ENTRADA, HORA_SAIDA)
values ('41034567799', 28, '12:00', '18:00');
insert into ALOCACOES (CPF, NUMERO, HORA_ENTRADA, HORA_SAIDA)
values ('66789403264', 28, '13:00', '14:00');


insert into PINTURAS (CODIGO, ESTILO, AREA)
values (101, 'IMPRESSIONISTA', 2);
insert into PINTURAS (CODIGO, ESTILO, AREA)
values (102, 'EXPRESSIONISTA', 1);
insert into PINTURAS (CODIGO, ESTILO, AREA)
values (105, 'IMPRESSIONISTA', 3);
insert into PINTURAS (CODIGO, ESTILO, AREA)
values (106, 'CUBISTA', 6);
insert into PINTURAS (CODIGO, ESTILO, AREA)
values (107, 'CHATISTA', 1);
insert into PINTURAS (CODIGO, ESTILO, AREA)
values (109, 'TROPICALISTA', 5);
insert into PINTURAS (CODIGO, ESTILO, AREA)
values (110, 'BOLISTA', 6);
insert into PINTURAS (CODIGO, ESTILO, AREA)
values (113,'LEITISTA',3.00);
insert into PINTURAS (CODIGO, ESTILO, AREA)
values (114,'QUEIJISTA',2.00);




ALTER TABLE PINTURAS ADD FOREIGN KEY(CODIGO) REFERENCES OBRAS (CODIGO);
ALTER TABLE ESCULTURAS ADD FOREIGN KEY(CODIGO) REFERENCES OBRAS (CODIGO);
ALTER TABLE OBRAS ADD FOREIGN KEY(SALAO) REFERENCES SALOES (NUMERO);
ALTER TABLE OBRAS ADD FOREIGN KEY(AUTOR) REFERENCES AUTORES (CODIGO);
ALTER TABLE ALOCACOES ADD FOREIGN KEY(NUMERO) REFERENCES SALOES (NUMERO);
ALTER TABLE ALOCACOES ADD FOREIGN KEY(CPF) REFERENCES FUNCIONARIOS (CPF);
ALTER TABLE FUNCIONARIOS ADD FOREIGN KEY(TURNO) REFERENCES TURNOS(CODTURNO);

